{"Random Forest": 0.9976689976689976, "Decision Tree": 0.9790209790209791, "KNN": 0.9953379953379954, "SVM": 0.8951048951048951, "Logistic Regression": 0.9020979020979021}